id,user_id,amount,created_at,due_date,paid_on
JSSKMAOXQBHLC,1,13.52,2025-06-16 17:35:42,2025-09-29 17:35:42,
JSSKMAOXQA635,1,45.29,2025-09-12 17:35:42,2025-10-23 17:35:42,
JSSKMAOXQAFES,1,98.63,2025-09-10 17:35:42,2025-10-19 17:35:42,
JSSKMAOXQAKRN,1,19.70,2025-09-12 17:35:42,2025-10-08 17:35:42,
JSSKMAOXQAT6L,1,1.09,2025-07-17 17:35:42,2025-10-09 17:35:42,
JSSKMAOXQBVQN,1,13.69,2025-08-30 17:35:42,2025-09-16 17:35:42,
JSSKMAOXQBZAJ,1,95.85,2025-06-19 17:35:42,2025-10-19 17:35:42,
JSSKMAOXQB6MV,1,52.70,2025-09-10 17:35:42,2025-09-26 17:35:42,2025-10-02 17:35:42
JSSKMAOXQBJUH,1,43.81,2025-08-02 17:35:42,2025-10-16 17:35:42,
JSSKMAOXQAUDD,1,8.66,2025-09-05 17:35:42,2025-10-06 17:35:42,2025-11-20 17:35:42
JSSKMAOXQA5HL,1,87.16,2025-09-11 17:35:42,2025-10-11 17:35:42,
JSSKMAOXQATBV,1,82.95,2025-08-01 17:35:42,2025-10-06 17:35:42,
JSSKMAOXQAVNO,1,39.56,2025-09-10 17:35:42,2025-10-27 17:35:42,
JSSKMAOXQBNZS,1,41.10,2025-07-11 17:35:42,2025-10-10 17:35:42,
JSSKMAOYAAJJO,1,93.53,2025-09-10 17:35:42,2025-11-02 17:35:42,
JSSKMAOYAAQ3B,2,26.91,2025-08-29 17:35:42,2025-09-28 17:35:42,2025-12-01 17:35:42
JSSKMAOYABNKR,2,43.55,2025-07-02 17:35:42,2025-09-19 17:35:42,
JSSKMAOYABX26,2,87.57,2025-09-09 17:35:42,2025-10-19 17:35:42,2025-09-18 17:35:42
JSSKMAOYAB3BN,2,17.75,2025-09-10 17:35:42,2025-10-07 17:35:42,2025-11-11 17:35:42
JSSKMAOYAAWCJ,2,21.83,2025-07-31 17:35:42,2025-10-06 17:35:42,
JSSKMAOYAAEQJ,2,92.53,2025-08-18 17:35:42,2025-09-18 17:35:42,
JSSKMAOYAAILD,2,29.93,2025-09-12 17:35:42,2025-09-23 17:35:42,
JSSKMAOYABGD7,2,28.32,2025-09-10 17:35:42,2025-10-11 17:35:42,
JSSKMAOYABQXM,2,93.96,2025-08-20 17:35:42,2025-10-22 17:35:42,
JSSKMAOYAA572,2,71.40,2025-08-26 17:35:42,2025-11-11 17:35:42,2025-10-28 17:35:42
JSSKMAOYAB5PO,2,58.05,2025-07-14 17:35:42,2025-10-30 17:35:42,
JSSKMAOYAALPY,2,86.81,2025-09-12 17:35:42,2025-09-16 17:35:42,
JSSKMAOYAAVIS,2,3.63,2025-08-30 17:35:42,2025-09-24 17:35:42,
JSSKMAOYABXAF,2,14.19,2025-09-13 17:35:42,2025-10-13 17:35:42,
JSSKMAOYABD6W,2,40.19,2025-07-19 17:35:42,2025-09-17 17:35:42,
JSSKMAOYABFJL,3,35.18,2025-08-19 17:35:42,2025-11-08 17:35:42,
JSSKMAOYAALMB,3,40.06,2025-09-12 17:35:42,2025-09-23 17:35:42,
JSSKMAOYAAFEY,3,63.72,2025-08-18 17:35:42,2025-10-11 17:35:42,2025-10-04 17:35:42
JSSKMAOYAAVKO,3,23.89,2025-08-12 17:35:42,2025-09-15 17:35:42,
JSSKMAOYAAAPU,3,73.18,2025-08-18 17:35:42,2025-09-27 17:35:42,
JSSKMAOYABRPN,3,69.21,2025-09-07 17:35:42,2025-09-21 17:35:42,
JSSKMAOYAB2D5,3,29.54,2025-08-30 17:35:42,2025-09-15 17:35:42,
JSSKMAOYAACTR,3,18.20,2025-09-05 17:35:42,2025-09-16 17:35:42,
JSSKMAOYAABXD,3,71.31,2025-08-30 17:35:42,2025-11-15 17:35:42,
JSSKMAOYABCPB,3,27.25,2025-09-11 17:35:42,2025-09-30 17:35:42,
JSSKMAOYAA77A,3,69.61,2025-09-11 17:35:42,2025-09-22 17:35:42,
JSSKMAOYAANQT,3,47.44,2025-07-26 17:35:42,2025-09-19 17:35:42,
JSSKMAOYABIIQ,3,32.16,2025-06-26 17:35:42,2025-10-19 17:35:42,2025-10-11 17:35:42
JSSKMAOYAAOQU,3,85.52,2025-09-01 17:35:42,2025-09-17 17:35:42,
JSSKMAOYAASJ3,3,17.70,2025-08-12 17:35:42,2025-09-15 17:35:42,
JSSKMAOYAANGM,4,5.01,2025-09-04 17:35:42,2025-10-18 17:35:42,
JSSKMAOYAAFCR,4,43.81,2025-09-13 17:35:42,2025-09-24 17:35:42,
JSSKMAOYAAN5R,4,5.52,2025-09-07 17:35:42,2025-11-06 17:35:42,
JSSKMAOYAAXF3,4,65.89,2025-07-27 17:35:42,2025-09-28 17:35:42,
JSSKMAOYABURS,4,99.02,2025-07-08 17:35:42,2025-09-16 17:35:42,
JSSKMAOYAACR5,4,81.95,2025-09-03 17:35:42,2025-09-19 17:35:42,
JSSKMAOYAAZFD,4,85.72,2025-09-12 17:35:42,2025-09-28 17:35:42,2025-10-01 17:35:42
JSSKMAOYABCHP,4,84.49,2025-07-20 17:35:42,2025-09-23 17:35:42,
JSSKMAOYABVTE,4,1.01,2025-09-09 17:35:42,2025-11-20 17:35:42,2025-09-17 17:35:42
JSSKMAOYABHTK,4,99.09,2025-09-13 17:35:42,2025-09-22 17:35:42,2025-09-25 17:35:42
JSSKMAOYABDGG,4,32.56,2025-08-29 17:35:42,2025-09-21 17:35:42,
JSSKMAOYAAW2P,4,91.14,2025-08-08 17:35:42,2025-09-17 17:35:42,
JSSKMAOYAAH32,4,38.76,2025-09-02 17:35:42,2025-10-01 17:35:42,
JSSKMAOYAAE3L,4,73.53,2025-08-22 17:35:42,2025-12-15 17:35:42,
JSSKMAOYAAWSD,4,82.15,2025-08-28 17:35:42,2025-10-02 17:35:42,
JSSKMAOYABTKV,5,78.45,2025-09-08 17:35:42,2025-09-26 17:35:42,
JSSKMAOYABYJG,5,49.31,2025-08-24 17:35:42,2025-10-25 17:35:42,2025-09-18 17:35:42
JSSKMAOYAADD2,5,78.83,2025-08-05 17:35:42,2025-09-24 17:35:42,
JSSKMAOYAB76Q,5,61.03,2025-08-04 17:35:42,2025-10-01 17:35:42,
JSSKMAOYAB7F7,5,50.51,2025-09-09 17:35:42,2025-11-05 17:35:42,
JSSKMAOYABDTC,5,75.73,2025-07-24 17:35:42,2025-10-11 17:35:42,
JSSKMAOYABG3N,5,34.16,2025-07-07 17:35:42,2025-10-02 17:35:42,
JSSKMAOYAAAUJ,5,56.31,2025-08-09 17:35:42,2025-09-22 17:35:42,2025-10-15 17:35:42
JSSKMAOYAAGZA,5,27.96,2025-09-06 17:35:42,2025-10-08 17:35:42,
JSSKMAOYABSAU,5,30.11,2025-07-25 17:35:42,2025-11-03 17:35:42,
JSSKMAOYAADGH,5,34.74,2025-08-29 17:35:42,2025-10-12 17:35:42,
JSSKMAOYAAFL7,5,6.04,2025-08-26 17:35:42,2025-09-17 17:35:42,2025-09-25 17:35:42
JSSKMAOYAB5UW,5,30.82,2025-09-10 17:35:42,2025-09-19 17:35:42,
JSSKMAOYAA4WM,5,4.46,2025-09-05 17:35:42,2025-10-03 17:35:42,
JSSKMAOYAA3XB,5,49.23,2025-09-13 17:35:42,2025-09-18 17:35:42,
JSSKMAOYABTAN,6,91.01,2025-09-05 17:35:42,2025-09-16 17:35:42,2025-09-16 17:35:42
JSSKMAOYAAK3G,6,70.89,2025-09-07 17:35:42,2025-10-08 17:35:42,
JSSKMAOYAAZ7T,6,99.72,2025-08-28 17:35:42,2025-10-07 17:35:42,2025-09-17 17:35:42
JSSKMAOYABTLV,6,85.69,2025-08-10 17:35:42,2025-10-21 17:35:42,
JSSKMAOYABGNJ,6,59.00,2025-08-16 17:35:42,2025-11-01 17:35:42,
JSSKMAOYABPFP,6,88.45,2025-09-06 17:35:42,2025-10-06 17:35:42,
JSSKMAOYAAFZG,6,74.70,2025-09-03 17:35:42,2025-09-29 17:35:42,
JSSKMAOYAAC2Z,6,69.42,2025-08-11 17:35:42,2025-09-18 17:35:42,
JSSKMAOYABLUV,6,43.98,2025-09-09 17:35:42,2025-10-20 17:35:42,2025-09-19 17:35:42
JSSKMAOYAA2BA,6,91.13,2025-09-07 17:35:42,2025-10-13 17:35:42,
JSSKMAOYAAOLO,6,71.02,2025-08-18 17:35:42,2025-09-30 17:35:42,
JSSKMAOYABEYS,6,38.06,2025-07-17 17:35:42,2025-11-05 17:35:42,
JSSKMAOYAAAG2,6,68.28,2025-08-31 17:35:42,2025-10-23 17:35:42,
JSSKMAOYAAELS,6,26.08,2025-07-07 17:35:42,2025-10-14 17:35:42,2025-10-17 17:35:42
JSSKMAOYABMVY,6,51.97,2025-08-28 17:35:42,2025-09-16 17:35:42,
JSSKMAOYAAA2E,7,16.59,2025-08-03 17:35:42,2025-09-16 17:35:42,
JSSKMAOYABN4J,7,65.18,2025-09-04 17:35:42,2025-10-31 17:35:42,2025-10-21 17:35:42
JSSKMAOYABYE5,7,86.15,2025-07-04 17:35:42,2025-10-24 17:35:42,
JSSKMAOYABNV5,7,83.39,2025-09-11 17:35:42,2025-10-23 17:35:42,
JSSKMAOYABO4A,7,51.76,2025-09-09 17:35:42,2025-11-13 17:35:42,
JSSKMAOYABAIR,7,15.28,2025-08-04 17:35:42,2025-09-18 17:35:42,2025-11-30 17:35:42
JSSKMAOYAAM4U,7,30.65,2025-08-15 17:35:42,2025-09-29 17:35:42,2025-10-17 17:35:42
JSSKMAOYAAJGR,7,23.91,2025-09-04 17:35:42,2025-09-24 17:35:42,2025-10-04 17:35:42
JSSKMAOYAAP7K,7,11.74,2025-09-13 17:35:42,2025-11-04 17:35:42,2025-09-17 17:35:42
JSSKMAOYABLYF,7,3.56,2025-08-20 17:35:42,2025-10-08 17:35:42,
JSSKMAOYAAWXJ,7,77.16,2025-09-11 17:35:42,2025-09-17 17:35:42,
JSSKMAOYABFOM,7,79.51,2025-09-09 17:35:42,2025-09-15 17:35:42,
JSSKMAOYAB5LN,7,21.51,2025-08-17 17:35:42,2025-12-03 17:35:42,
JSSKMAOYAAKYS,7,89.18,2025-09-06 17:35:42,2025-09-29 17:35:42,
JSSKMAOYAAEUS,7,52.34,2025-06-30 17:35:42,2025-10-05 17:35:42,2025-10-11 17:35:42
JSSKMAOYAAUTM,8,40.57,2025-08-06 17:35:42,2025-09-15 17:35:42,
JSSKMAOYAA3YN,8,79.31,2025-09-13 17:35:42,2025-10-05 17:35:42,
JSSKMAOYABWDK,8,55.60,2025-08-24 17:35:42,2025-10-19 17:35:42,
JSSKMAOYABJJF,8,4.41,2025-09-08 17:35:42,2025-09-29 17:35:42,
JSSKMAOYAAYX6,8,15.14,2025-08-12 17:35:42,2025-09-19 17:35:42,
JSSKMAOYABFQP,8,1.98,2025-07-30 17:35:42,2025-11-16 17:35:42,
JSSKMAOYAA4KS,8,11.79,2025-09-13 17:35:42,2025-11-04 17:35:42,
JSSKMAOYABZVX,8,5.55,2025-08-10 17:35:42,2025-10-25 17:35:42,
JSSKMAOYABQUW,8,24.79,2025-08-20 17:35:42,2025-12-16 17:35:42,
JSSKMAOYABE4G,8,33.82,2025-09-06 17:35:42,2025-09-15 17:35:42,2025-11-17 17:35:42
JSSKMAOYABXRK,8,82.70,2025-09-02 17:35:42,2025-09-19 17:35:42,
JSSKMAOYABIHR,8,27.55,2025-07-23 17:35:42,2025-09-21 17:35:42,
JSSKMAOYAB7YP,8,5.13,2025-07-04 17:35:42,2025-09-23 17:35:42,2025-09-17 17:35:42
JSSKMAOYAAAV5,8,58.97,2025-08-31 17:35:42,2025-10-09 17:35:42,
JSSKMAOYABMYL,8,57.26,2025-08-14 17:35:42,2025-09-17 17:35:42,
JSSKMAOYABJS7,9,34.22,2025-08-28 17:35:42,2025-09-22 17:35:42,
JSSKMAOYAARMB,9,22.30,2025-08-05 17:35:42,2025-12-01 17:35:42,
JSSKMAOYAAOA7,9,97.78,2025-09-04 17:35:42,2025-09-20 17:35:42,2025-09-17 17:35:42
JSSKMAOYAAADP,9,40.45,2025-08-20 17:35:42,2025-09-22 17:35:42,2025-09-19 17:35:42
JSSKMAOYAATL4,9,46.49,2025-07-07 17:35:42,2025-11-11 17:35:42,2025-10-13 17:35:42
JSSKMAOYAB3EO,9,58.52,2025-09-06 17:35:42,2025-09-18 17:35:42,2025-11-23 17:35:42
JSSKMAOYAAHM3,9,43.06,2025-08-25 17:35:42,2025-10-25 17:35:42,
JSSKMAOYABSRG,9,5.03,2025-09-09 17:35:42,2025-11-21 17:35:42,
JSSKMAOYAAWOD,9,82.76,2025-09-04 17:35:42,2025-10-10 17:35:42,2025-10-15 17:35:42
JSSKMAOYAALXA,9,46.84,2025-07-14 17:35:42,2025-09-26 17:35:42,
JSSKMAOYABGDP,9,76.77,2025-08-26 17:35:42,2025-10-05 17:35:42,
JSSKMAOYAAJDY,9,13.46,2025-09-11 17:35:42,2025-10-18 17:35:42,
JSSKMAOYABAHH,9,68.73,2025-09-10 17:35:42,2025-09-30 17:35:42,
JSSKMAOYABMEA,9,72.84,2025-09-11 17:35:42,2025-10-12 17:35:42,2025-10-09 17:35:42
JSSKMAOYAAPWL,9,13.18,2025-06-24 17:35:42,2025-09-29 17:35:42,2025-11-05 17:35:42
JSSKMAOYAA2HL,10,31.33,2025-08-22 17:35:42,2025-09-22 17:35:42,
JSSKMAOYAA7PU,10,52.16,2025-08-16 17:35:42,2025-10-13 17:35:42,
JSSKMAOYAAIRW,10,19.31,2025-08-28 17:35:42,2025-11-16 17:35:42,2025-10-04 17:35:42
JSSKMAOYABPZR,10,94.09,2025-09-07 17:35:42,2025-09-15 17:35:42,
JSSKMAOYAB63A,10,34.44,2025-08-24 17:35:42,2025-09-16 17:35:42,
JSSKMAOYABJCA,10,9.94,2025-07-24 17:35:42,2025-10-22 17:35:42,
JSSKMAOYABKFE,10,79.46,2025-09-12 17:35:42,2025-09-16 17:35:42,
JSSKMAOYAB3PN,10,29.60,2025-09-12 17:35:42,2025-09-25 17:35:42,
JSSKMAOYABPSD,10,47.14,2025-08-30 17:35:42,2025-09-15 17:35:42,
JSSKMAOYABG6V,10,63.13,2025-09-06 17:35:42,2025-09-21 17:35:42,
JSSKMAOYAB6LR,10,62.78,2025-08-17 17:35:42,2025-09-15 17:35:42,
JSSKMAOYABYNJ,10,48.78,2025-08-31 17:35:42,2025-09-27 17:35:42,
JSSKMAOYABUOV,10,43.24,2025-09-01 17:35:42,2025-10-19 17:35:42,2025-10-06 17:35:42
JSSKMAOYABZ5H,10,68.92,2025-09-08 17:35:42,2025-10-28 17:35:42,
JSSKMAOYABJZB,10,96.64,2025-08-29 17:35:42,2025-09-20 17:35:42,2025-10-02 17:35:42
JSSKMAOYABOW4,11,24.70,2025-09-13 17:35:42,2025-10-03 17:35:42,
JSSKMAOYAAAIE,11,63.14,2025-09-12 17:35:42,2025-10-29 17:35:42,
JSSKMAOYABYBJ,11,21.78,2025-09-13 17:35:42,2025-10-03 17:35:42,
JSSKMAOYAAINU,11,16.39,2025-09-13 17:35:42,2025-10-16 17:35:42,
JSSKMAOYAAWWJ,11,26.35,2025-07-13 17:35:42,2025-09-24 17:35:42,
JSSKMAOYAACNO,11,43.65,2025-09-04 17:35:42,2025-09-29 17:35:42,
JSSKMAOYAAYW5,11,59.11,2025-09-09 17:35:42,2025-09-27 17:35:42,
JSSKMAOYABQCG,11,13.00,2025-09-12 17:35:42,2025-09-23 17:35:42,2025-11-14 17:35:42
JSSKMAOYQBLRU,11,4.75,2025-09-11 17:35:42,2025-09-26 17:35:42,
JSSKMAOYQBYJD,11,70.52,2025-09-07 17:35:42,2025-10-03 17:35:42,2025-10-20 17:35:42
JSSKMAOYQBRMW,11,27.96,2025-08-17 17:35:42,2025-09-21 17:35:42,
JSSKMAOYQBYMS,11,58.21,2025-07-09 17:35:42,2025-10-30 17:35:42,2025-10-01 17:35:42
JSSKMAOYQBRXZ,11,96.93,2025-09-11 17:35:42,2025-09-28 17:35:42,
JSSKMAOYQAPQQ,11,28.83,2025-08-05 17:35:42,2025-10-06 17:35:42,
JSSKMAOYQANF4,11,99.21,2025-08-28 17:35:42,2025-09-19 17:35:42,
JSSKMAOYQBW3S,12,41.82,2025-08-16 17:35:42,2025-09-29 17:35:42,
JSSKMAOYQAECY,12,98.57,2025-08-11 17:35:42,2025-09-17 17:35:42,
JSSKMAOYQA7BJ,12,91.75,2025-08-04 17:35:42,2025-09-15 17:35:42,2025-09-18 17:35:42
JSSKMAOYQALBJ,12,43.06,2025-08-30 17:35:42,2025-10-24 17:35:42,
JSSKMAOYQAXXN,12,50.25,2025-09-07 17:35:42,2025-09-16 17:35:42,
JSSKMAOYQAHNS,12,36.47,2025-07-17 17:35:42,2025-09-20 17:35:42,
JSSKMAOYQAZE4,12,21.97,2025-09-07 17:35:42,2025-10-17 17:35:42,2025-09-23 17:35:42
JSSKMAOYQATHT,12,97.49,2025-08-13 17:35:42,2025-09-15 17:35:42,
JSSKMAOYQB77U,12,46.25,2025-08-17 17:35:42,2025-12-08 17:35:42,
JSSKMAOYQA4IC,12,41.34,2025-07-27 17:35:42,2025-10-02 17:35:42,
JSSKMAOYQA2HR,12,93.66,2025-09-13 17:35:42,2025-10-27 17:35:42,2025-09-30 17:35:42
JSSKMAOYQB6PB,12,47.06,2025-07-11 17:35:42,2025-09-22 17:35:42,
JSSKMAOYQAOPV,12,70.12,2025-08-07 17:35:42,2025-10-18 17:35:42,
JSSKMAOYQBX2C,12,23.78,2025-09-06 17:35:42,2025-09-18 17:35:42,
JSSKMAOYQAXAM,12,18.64,2025-08-04 17:35:42,2025-10-09 17:35:42,
JSSKMAOYQAJGZ,13,18.74,2025-09-08 17:35:42,2025-10-13 17:35:42,
JSSKMAOYQA5BU,13,51.11,2025-09-04 17:35:42,2025-10-07 17:35:42,
JSSKMAOYQAV26,13,58.49,2025-08-18 17:35:42,2025-09-23 17:35:42,2025-09-22 17:35:42
JSSKMAOYQAVBM,13,56.58,2025-08-21 17:35:42,2025-11-14 17:35:42,
JSSKMAOYQBXNN,13,56.30,2025-09-04 17:35:42,2025-09-15 17:35:42,
JSSKMAOYQAWIY,13,9.43,2025-09-07 17:35:42,2025-10-02 17:35:42,
JSSKMAOYQBLVU,13,5.37,2025-07-23 17:35:42,2025-09-19 17:35:42,
JSSKMAOYQA56F,13,48.81,2025-09-07 17:35:42,2025-09-24 17:35:42,
JSSKMAOYQAXNH,13,38.31,2025-06-28 17:35:42,2025-10-06 17:35:42,
JSSKMAOYQBYIU,13,38.23,2025-09-12 17:35:42,2025-10-26 17:35:42,
JSSKMAOYQA2F4,13,38.52,2025-08-09 17:35:42,2025-10-31 17:35:42,
JSSKMAOYQBQST,13,12.59,2025-08-06 17:35:42,2025-09-23 17:35:42,
JSSKMAOYQALDX,13,67.37,2025-09-04 17:35:42,2025-10-04 17:35:42,
JSSKMAOYQATLJ,13,50.37,2025-08-30 17:35:42,2025-09-16 17:35:42,2025-10-13 17:35:42
JSSKMAOYQAIPW,13,85.73,2025-08-17 17:35:42,2025-09-17 17:35:42,
JSSKMAOYQBJ2W,14,66.49,2025-09-10 17:35:42,2025-12-02 17:35:42,
JSSKMAOYQA4PE,14,50.52,2025-08-15 17:35:42,2025-09-19 17:35:42,
JSSKMAOYQBBAE,14,43.16,2025-08-11 17:35:42,2025-09-27 17:35:42,
JSSKMAOYQBWAB,14,81.65,2025-08-26 17:35:42,2025-09-21 17:35:42,
JSSKMAOYQAQLL,14,70.31,2025-07-26 17:35:42,2025-09-23 17:35:42,
JSSKMAOYQBYAM,14,18.13,2025-08-10 17:35:42,2025-11-01 17:35:42,
JSSKMAOYQBVJ2,14,85.92,2025-09-04 17:35:42,2025-10-29 17:35:42,
JSSKMAOYQATKQ,14,21.61,2025-08-15 17:35:42,2025-10-13 17:35:42,2025-10-23 17:35:42
JSSKMAOYQBVQM,14,20.37,2025-09-09 17:35:42,2025-10-12 17:35:42,
JSSKMAOYQACDV,14,66.33,2025-08-01 17:35:42,2025-10-25 17:35:42,
JSSKMAOYQBCYY,14,37.06,2025-09-13 17:35:42,2025-09-18 17:35:42,
JSSKMAOYQAJ4G,14,1.12,2025-08-14 17:35:42,2025-09-30 17:35:42,
JSSKMAOYQADY6,14,27.61,2025-08-27 17:35:42,2025-09-29 17:35:42,
JSSKMAOYQALSY,14,82.96,2025-08-03 17:35:42,2025-09-25 17:35:42,
JSSKMAOYQAU4G,14,75.29,2025-09-05 17:35:42,2025-10-11 17:35:42,
JSSKMAOYQBY6N,15,29.84,2025-08-29 17:35:42,2025-09-24 17:35:42,
JSSKMAOYQBLKJ,15,29.75,2025-07-21 17:35:42,2025-10-01 17:35:42,
JSSKMAOYQBYMD,15,16.23,2025-09-06 17:35:42,2025-10-14 17:35:42,
JSSKMAOYQAQGE,15,44.79,2025-07-19 17:35:42,2025-09-27 17:35:42,
JSSKMAOYQBSSD,15,23.70,2025-09-07 17:35:42,2025-09-27 17:35:42,
JSSKMAOYQAJNW,15,77.67,2025-09-08 17:35:42,2025-10-15 17:35:42,2025-11-13 17:35:42
JSSKMAOYQBYG3,15,22.73,2025-07-31 17:35:42,2025-12-02 17:35:42,2025-11-02 17:35:42
JSSKMAOYQALXV,15,69.13,2025-09-13 17:35:42,2025-09-18 17:35:42,
JSSKMAOYQAYKI,15,9.08,2025-07-08 17:35:42,2025-11-02 17:35:42,
JSSKMAOYQANM3,15,49.08,2025-08-29 17:35:42,2025-10-08 17:35:42,
JSSKMAOYQB2QI,15,8.21,2025-07-30 17:35:42,2025-09-22 17:35:42,
JSSKMAOYQAFBS,15,24.68,2025-08-29 17:35:42,2025-10-20 17:35:42,
JSSKMAOYQBLLF,15,8.20,2025-08-24 17:35:42,2025-09-21 17:35:42,
JSSKMAOYQBXB6,15,20.44,2025-07-05 17:35:42,2025-10-14 17:35:42,2025-11-22 17:35:42
JSSKMAOYQAZF6,15,73.11,2025-09-12 17:35:42,2025-09-18 17:35:42,
JSSKMAOYQADCH,16,64.13,2025-08-31 17:35:42,2025-10-10 17:35:42,2025-09-24 17:35:42
JSSKMAOYQAF7C,16,67.31,2025-08-25 17:35:42,2025-11-11 17:35:42,2025-10-02 17:35:42
JSSKMAOYQAVHP,16,48.55,2025-07-30 17:35:42,2025-09-19 17:35:42,
JSSKMAOYQBOWW,16,54.45,2025-08-23 17:35:42,2025-10-25 17:35:42,2025-09-20 17:35:42
JSSKMAOYQABTS,16,38.48,2025-07-10 17:35:42,2025-10-25 17:35:42,
JSSKMAOYQB5SQ,16,38.53,2025-08-21 17:35:42,2025-11-14 17:35:42,
JSSKMAOYQBPJQ,16,50.99,2025-09-10 17:35:42,2025-09-22 17:35:42,
JSSKMAOYQAOHC,16,88.74,2025-08-21 17:35:42,2025-09-30 17:35:42,2025-10-28 17:35:42
JSSKMAOYQBIHG,16,34.47,2025-08-29 17:35:42,2025-09-28 17:35:42,
JSSKMAOYQALQC,16,19.68,2025-08-08 17:35:42,2025-09-28 17:35:42,
JSSKMAOYQAZK2,16,88.50,2025-08-02 17:35:42,2025-09-27 17:35:42,2025-09-24 17:35:42
JSSKMAOYQADPB,16,91.84,2025-06-23 17:35:42,2025-10-16 17:35:42,
JSSKMAOYQAFGJ,16,42.89,2025-07-08 17:35:42,2025-09-15 17:35:42,
JSSKMAOYQBDD2,16,60.73,2025-09-02 17:35:42,2025-09-19 17:35:42,2025-11-24 17:35:42
JSSKMAOYQBYDU,16,32.33,2025-09-03 17:35:42,2025-09-21 17:35:42,
JSSKMAOYQB65N,17,14.51,2025-09-06 17:35:42,2025-09-23 17:35:42,
JSSKMAOYQB7S6,17,82.16,2025-08-20 17:35:42,2025-09-26 17:35:42,
JSSKMAOYQBVYE,17,35.06,2025-08-29 17:35:42,2025-10-01 17:35:42,2025-09-19 17:35:42
JSSKMAOYQBVBG,17,66.89,2025-09-08 17:35:42,2025-10-12 17:35:42,
JSSKMAOYQBY7L,17,4.46,2025-09-06 17:35:42,2025-11-17 17:35:42,
JSSKMAOYQAVGZ,17,76.15,2025-08-29 17:35:42,2025-12-02 17:35:42,2025-09-17 17:35:42
JSSKMAOZABNYU,17,86.93,2025-09-07 17:35:42,2025-11-09 17:35:42,
JSSKMAOZABX6M,17,52.89,2025-09-09 17:35:42,2025-09-24 17:35:42,
JSSKMAOZAA2K2,17,80.98,2025-09-08 17:35:42,2025-10-27 17:35:42,
JSSKMAOZAB4LG,17,28.12,2025-08-28 17:35:42,2025-09-18 17:35:42,
JSSKMAOZABLCD,17,90.67,2025-08-31 17:35:42,2025-09-22 17:35:42,
JSSKMAOZABSJJ,17,11.89,2025-09-13 17:35:42,2025-10-15 17:35:42,2025-10-12 17:35:42
JSSKMAOZABSYD,17,70.35,2025-08-28 17:35:42,2025-10-26 17:35:42,
JSSKMAOZABLGU,17,96.74,2025-09-13 17:35:42,2025-09-21 17:35:42,
JSSKMAOZABNA5,17,84.32,2025-08-19 17:35:42,2025-09-15 17:35:42,
JSSKMAOZAA4PE,18,80.08,2025-08-24 17:35:42,2025-10-27 17:35:42,
JSSKMAOZABG5N,18,25.34,2025-09-10 17:35:42,2025-10-11 17:35:42,2025-10-25 17:35:42
JSSKMAOZABKSJ,18,11.76,2025-08-20 17:35:42,2025-11-17 17:35:42,
JSSKMAOZAAPAM,18,27.91,2025-09-12 17:35:42,2025-10-17 17:35:42,2025-10-26 17:35:42
JSSKMAOZAAXOL,18,41.83,2025-09-04 17:35:42,2025-09-19 17:35:42,2025-11-16 17:35:42
JSSKMAOZABXF6,18,7.05,2025-08-05 17:35:42,2025-09-17 17:35:42,
JSSKMAOZAAKZJ,18,22.40,2025-08-24 17:35:42,2025-09-16 17:35:42,
JSSKMAOZAA47G,18,56.92,2025-06-19 17:35:42,2025-09-18 17:35:42,
JSSKMAOZAB43V,18,85.33,2025-08-29 17:35:42,2025-10-07 17:35:42,
JSSKMAOZAAARC,18,26.39,2025-09-04 17:35:42,2025-09-23 17:35:42,2025-09-25 17:35:42
JSSKMAOZAAFDZ,18,76.56,2025-08-06 17:35:42,2025-11-15 17:35:42,
JSSKMAOZABZ6P,18,42.24,2025-07-10 17:35:42,2025-11-14 17:35:42,2025-10-01 17:35:42
JSSKMAOZABRZF,18,38.58,2025-07-21 17:35:42,2025-09-21 17:35:42,
JSSKMAOZAA7FU,18,65.02,2025-06-12 17:35:42,2025-10-12 17:35:42,
JSSKMAOZAAB6P,18,30.63,2025-08-10 17:35:42,2025-09-17 17:35:42,
JSSKMAOZABBLA,19,99.43,2025-07-29 17:35:42,2025-11-06 17:35:42,
JSSKMAOZAAXYP,19,33.56,2025-08-30 17:35:42,2025-09-17 17:35:42,2025-09-22 17:35:42
JSSKMAOZAAL6L,19,28.64,2025-09-12 17:35:42,2025-10-23 17:35:42,
JSSKMAOZAAU4M,19,21.11,2025-09-13 17:35:42,2025-11-10 17:35:42,
JSSKMAOZAAVD2,19,66.53,2025-08-16 17:35:42,2025-10-12 17:35:42,
JSSKMAOZAAAJC,19,51.92,2025-08-12 17:35:42,2025-10-13 17:35:42,
JSSKMAOZABLCV,19,97.18,2025-08-27 17:35:42,2025-09-24 17:35:42,2025-10-29 17:35:42
JSSKMAOZABUKV,19,88.48,2025-06-20 17:35:42,2025-11-12 17:35:42,
JSSKMAOZABJXL,19,78.21,2025-08-19 17:35:42,2025-10-08 17:35:42,2025-12-01 17:35:42
JSSKMAOZAA4MH,19,37.27,2025-09-12 17:35:42,2025-11-11 17:35:42,
JSSKMAOZABQ3G,19,49.73,2025-08-31 17:35:42,2025-10-02 17:35:42,
JSSKMAOZABMFV,19,73.65,2025-06-27 17:35:42,2025-09-22 17:35:42,
JSSKMAOZABGYF,19,76.00,2025-07-13 17:35:42,2025-09-17 17:35:42,
JSSKMAOZABVBZ,19,32.61,2025-08-01 17:35:42,2025-09-15 17:35:42,
JSSKMAOZAAV63,19,32.23,2025-09-03 17:35:42,2025-10-12 17:35:42,
JSSKMAOZAAUGL,20,49.96,2025-07-12 17:35:42,2025-09-26 17:35:42,
JSSKMAOZAAQKB,20,66.88,2025-07-29 17:35:42,2025-12-02 17:35:42,
JSSKMAOZABFAL,20,47.18,2025-09-12 17:35:42,2025-10-16 17:35:42,
JSSKMAOZAB6H4,20,14.31,2025-07-31 17:35:42,2025-10-23 17:35:42,
JSSKMAOZAAJPP,20,4.64,2025-09-11 17:35:42,2025-10-26 17:35:42,
JSSKMAOZAA2OJ,20,72.42,2025-09-01 17:35:42,2025-11-21 17:35:42,
JSSKMAOZAAY2Y,20,95.45,2025-07-13 17:35:42,2025-09-22 17:35:42,
JSSKMAOZAAJ6F,20,73.12,2025-08-22 17:35:42,2025-10-04 17:35:42,
JSSKMAOZAAQ5E,20,18.86,2025-09-08 17:35:42,2025-09-24 17:35:42,
JSSKMAOZABJVH,20,36.64,2025-09-13 17:35:42,2025-10-27 17:35:42,
JSSKMAOZAANQW,20,21.56,2025-09-06 17:35:42,2025-10-02 17:35:42,
JSSKMAOZABGJ6,20,50.03,2025-06-29 17:35:42,2025-09-18 17:35:42,2025-09-28 17:35:42
JSSKMAOZAA4SU,20,75.89,2025-08-20 17:35:42,2025-11-11 17:35:42,
JSSKMAOZAAMFT,20,51.17,2025-08-18 17:35:42,2025-09-16 17:35:42,2025-10-02 17:35:42
JSSKMAOZABKJH,20,76.54,2025-09-13 17:35:42,2025-10-10 17:35:42,
JSSKMAOZABQFY,21,57.35,2025-07-19 17:35:42,2025-10-28 17:35:42,
JSSKMAOZABDRT,21,25.52,2025-09-12 17:35:42,2025-09-19 17:35:42,
JSSKMAOZAABV2,21,38.56,2025-08-25 17:35:42,2025-09-24 17:35:42,
JSSKMAOZABAKZ,21,64.06,2025-08-13 17:35:42,2025-09-16 17:35:42,
JSSKMAOZABGJE,21,11.60,2025-07-28 17:35:42,2025-09-18 17:35:42,
JSSKMAOZABBYB,21,8.26,2025-06-29 17:35:42,2025-10-25 17:35:42,
JSSKMAOZABOVD,21,91.79,2025-09-08 17:35:42,2025-10-02 17:35:42,
JSSKMAOZABJ5O,21,78.15,2025-08-14 17:35:42,2025-09-15 17:35:42,2025-10-08 17:35:42
JSSKMAOZAAVJP,21,38.80,2025-09-11 17:35:42,2025-09-30 17:35:42,
JSSKMAOZAA2G7,21,7.95,2025-07-09 17:35:42,2025-10-30 17:35:42,
JSSKMAOZABXUI,21,28.74,2025-08-14 17:35:42,2025-11-20 17:35:42,
JSSKMAOZAA2M6,21,54.65,2025-09-08 17:35:42,2025-09-18 17:35:42,
JSSKMAOZAAZKQ,21,8.58,2025-08-04 17:35:42,2025-09-28 17:35:42,
JSSKMAOZAAHE5,21,99.60,2025-08-13 17:35:42,2025-10-11 17:35:42,
JSSKMAOZAAB2W,21,97.31,2025-08-07 17:35:42,2025-09-28 17:35:42,
JSSKMAOZABYWB,22,76.90,2025-08-13 17:35:42,2025-09-27 17:35:42,
JSSKMAOZABDJD,22,72.85,2025-08-25 17:35:42,2025-09-27 17:35:42,2025-09-26 17:35:42
JSSKMAOZAANMU,22,97.05,2025-08-03 17:35:42,2025-09-28 17:35:42,
JSSKMAOZAB37R,22,15.78,2025-07-24 17:35:42,2025-10-20 17:35:42,
JSSKMAOZAA4FN,22,89.79,2025-08-16 17:35:42,2025-09-25 17:35:42,
JSSKMAOZAAZ36,22,96.97,2025-08-27 17:35:42,2025-10-13 17:35:42,
JSSKMAOZAAQYW,22,79.44,2025-08-07 17:35:42,2025-10-06 17:35:42,
JSSKMAOZAAF64,22,55.47,2025-09-10 17:35:42,2025-09-20 17:35:42,
JSSKMAOZABDT5,22,46.64,2025-07-25 17:35:42,2025-11-25 17:35:42,
JSSKMAOZAATGU,22,77.05,2025-08-19 17:35:42,2025-10-04 17:35:42,2025-10-03 17:35:42
JSSKMAOZAAMTL,22,96.60,2025-09-06 17:35:42,2025-09-17 17:35:42,
JSSKMAOZAA3MK,22,22.54,2025-09-06 17:35:42,2025-10-07 17:35:42,
JSSKMAOZAAIUP,22,24.93,2025-08-27 17:35:42,2025-10-11 17:35:42,
JSSKMAOZAAHW5,22,89.45,2025-08-25 17:35:42,2025-09-17 17:35:42,
JSSKMAOZABDTN,22,43.04,2025-09-09 17:35:42,2025-10-04 17:35:42,2025-09-24 17:35:42
JSSKMAOZABWCD,23,68.84,2025-08-20 17:35:42,2025-10-01 17:35:42,
JSSKMAOZAB33P,23,48.98,2025-06-29 17:35:42,2025-11-09 17:35:42,
JSSKMAOZABXQ6,23,79.04,2025-06-29 17:35:42,2025-11-19 17:35:42,
JSSKMAOZABVK5,23,32.86,2025-07-11 17:35:42,2025-09-16 17:35:42,2025-09-15 17:35:42
JSSKMAOZAAOVW,23,90.02,2025-08-04 17:35:42,2025-09-27 17:35:42,
JSSKMAOZAAULQ,23,49.15,2025-08-13 17:35:42,2025-10-14 17:35:42,
JSSKMAOZAAF3I,23,53.63,2025-08-22 17:35:42,2025-09-16 17:35:42,
JSSKMAOZAB2BU,23,40.96,2025-09-07 17:35:42,2025-09-23 17:35:42,
JSSKMAOZAAJ2R,23,20.28,2025-08-23 17:35:42,2025-09-29 17:35:42,2025-09-16 17:35:42
JSSKMAOZAB5XE,23,19.85,2025-08-24 17:35:42,2025-10-30 17:35:42,
JSSKMAOZABH4A,23,47.67,2025-07-14 17:35:42,2025-10-02 17:35:42,2025-11-21 17:35:42
JSSKMAOZABW6N,23,45.22,2025-09-10 17:35:42,2025-09-29 17:35:42,2025-10-10 17:35:42
JSSKMAOZAAIYQ,23,93.89,2025-06-22 17:35:42,2025-09-19 17:35:42,
JSSKMAOZAA4FK,23,42.49,2025-08-19 17:35:42,2025-11-02 17:35:42,2025-10-09 17:35:42
JSSKMAOZABAMH,23,75.78,2025-08-06 17:35:42,2025-12-09 17:35:42,
JSSKMAOZAAFUI,24,0.43,2025-08-06 17:35:42,2025-09-29 17:35:42,
JSSKMAOZAAP3O,24,37.34,2025-09-08 17:35:42,2025-09-23 17:35:42,
JSSKMAOZAASTO,24,34.25,2025-09-07 17:35:42,2025-09-16 17:35:42,
JSSKMAOZAB5U6,24,93.45,2025-09-13 17:35:42,2025-09-18 17:35:42,
JSSKMAOZAB4JS,24,96.27,2025-08-29 17:35:42,2025-12-01 17:35:42,
JSSKMAOZABTC5,24,35.23,2025-09-10 17:35:42,2025-10-21 17:35:42,
JSSKMAOZABPLQ,24,45.44,2025-07-30 17:35:42,2025-11-23 17:35:42,
JSSKMAOZAB674,24,37.92,2025-08-31 17:35:42,2025-11-19 17:35:42,
JSSKMAOZAAL3Z,24,65.09,2025-09-10 17:35:42,2025-09-22 17:35:42,
JSSKMAOZAAZIH,24,79.87,2025-08-25 17:35:42,2025-09-26 17:35:42,
JSSKMAOZABEOR,24,29.56,2025-09-05 17:35:42,2025-09-30 17:35:42,
JSSKMAOZAA2MX,24,63.68,2025-09-01 17:35:42,2025-10-27 17:35:42,
JSSKMAOZAARPR,24,44.82,2025-08-04 17:35:42,2025-09-22 17:35:42,2025-10-04 17:35:42
JSSKMAOZAB3SV,24,81.77,2025-09-08 17:35:42,2025-09-18 17:35:42,
JSSKMAOZAAQAH,24,14.01,2025-08-23 17:35:42,2025-11-14 17:35:42,
JSSKMAOZABT7Q,25,40.12,2025-07-17 17:35:42,2025-09-24 17:35:42,
JSSKMAOZAAP2B,25,22.67,2025-09-07 17:35:42,2025-09-19 17:35:42,
JSSKMAOZABEH3,25,66.01,2025-08-31 17:35:42,2025-10-27 17:35:42,
JSSKMAOZABOML,25,10.36,2025-07-02 17:35:42,2025-10-03 17:35:42,
JSSKMAOZAAAVR,25,33.43,2025-07-29 17:35:42,2025-09-17 17:35:42,
JSSKMAOZAACC3,25,68.54,2025-09-13 17:35:42,2025-09-22 17:35:42,2025-10-04 17:35:42
JSSKMAOZAAUCU,25,89.72,2025-08-26 17:35:42,2025-09-17 17:35:42,
JSSKMAOZAAKZJ,25,21.14,2025-09-08 17:35:42,2025-11-28 17:35:42,
JSSKMAOZABD5Y,25,94.80,2025-09-07 17:35:42,2025-10-07 17:35:42,2025-10-02 17:35:42
JSSKMAOZAB7I4,25,10.92,2025-06-20 17:35:42,2025-10-21 17:35:42,
JSSKMAOZABJSI,25,87.99,2025-07-12 17:35:42,2025-10-03 17:35:42,2025-09-15 17:35:42
JSSKMAOZAAZLQ,25,36.49,2025-08-30 17:35:42,2025-10-12 17:35:42,
JSSKMAOZAALBY,25,65.09,2025-09-11 17:35:42,2025-09-23 17:35:42,
JSSKMAOZAAN6R,25,82.85,2025-09-13 17:35:42,2025-09-19 17:35:42,
JSSKMAOZABLG4,25,38.71,2025-08-24 17:35:42,2025-11-12 17:35:42,
JSSKMAOZABSEF,26,92.23,2025-08-04 17:35:42,2025-10-17 17:35:42,
JSSKMAOZABE3B,26,37.44,2025-09-05 17:35:42,2025-10-09 17:35:42,
JSSKMAOZAB7HU,26,93.68,2025-08-14 17:35:42,2025-11-09 17:35:42,
JSSKMAOZAA3LB,26,50.31,2025-09-09 17:35:42,2025-11-26 17:35:42,
JSSKMAOZAB4VP,26,27.86,2025-09-01 17:35:42,2025-10-23 17:35:42,
JSSKMAOZAAKQQ,26,7.73,2025-08-29 17:35:42,2025-10-23 17:35:42,
JSSKMAOZABMQ2,26,64.85,2025-09-06 17:35:42,2025-11-03 17:35:42,
JSSKMAOZAAQBH,26,61.63,2025-09-12 17:35:42,2025-10-19 17:35:42,
JSSKMAOZAAUHS,26,10.43,2025-09-06 17:35:42,2025-09-25 17:35:42,
JSSKMAOZAB7SV,26,97.15,2025-09-01 17:35:42,2025-09-26 17:35:42,
JSSKMAOZAAFOG,26,73.29,2025-09-01 17:35:42,2025-09-15 17:35:42,
JSSKMAOZAAIKQ,26,8.28,2025-08-22 17:35:42,2025-10-19 17:35:42,
JSSKMAOZAAM4Y,26,86.73,2025-08-29 17:35:42,2025-10-22 17:35:42,
JSSKMAOZAAHJS,26,15.35,2025-09-04 17:35:42,2025-09-27 17:35:42,
JSSKMAOZAABKK,26,63.65,2025-09-11 17:35:42,2025-12-03 17:35:42,
JSSKMAOZABXW5,27,28.88,2025-08-31 17:35:42,2025-10-22 17:35:42,
JSSKMAOZAAB6S,27,71.29,2025-08-22 17:35:42,2025-09-18 17:35:42,
JSSKMAOZAAQXS,27,16.67,2025-08-19 17:35:42,2025-09-24 17:35:42,
JSSKMAOZABDEL,27,84.89,2025-08-27 17:35:42,2025-11-26 17:35:42,
JSSKMAOZAAADY,27,54.91,2025-08-22 17:35:42,2025-11-17 17:35:42,2025-09-27 17:35:42
JSSKMAOZAB6S6,27,18.31,2025-07-04 17:35:42,2025-10-07 17:35:42,
JSSKMAOZAALOT,27,44.33,2025-08-15 17:35:42,2025-11-06 17:35:42,
JSSKMAOZAAMAH,27,51.62,2025-07-28 17:35:42,2025-11-23 17:35:42,
JSSKMAOZAAHS6,27,9.91,2025-08-24 17:35:42,2025-11-01 17:35:42,
JSSKMAOZABISH,27,63.63,2025-08-13 17:35:42,2025-11-03 17:35:42,
JSSKMAOZABKBU,27,6.63,2025-08-20 17:35:42,2025-12-03 17:35:42,2025-10-19 17:35:42
JSSKMAOZAAT2R,27,47.90,2025-09-02 17:35:42,2025-10-20 17:35:42,2025-10-05 17:35:42
JSSKMAOZABBCJ,27,58.79,2025-08-09 17:35:42,2025-09-15 17:35:42,
JSSKMAOZAAILD,27,74.05,2025-06-21 17:35:42,2025-10-21 17:35:42,
JSSKMAOZABWCK,27,34.81,2025-09-12 17:35:42,2025-10-11 17:35:42,
JSSKMAOZAASTG,28,71.17,2025-09-07 17:35:42,2025-10-07 17:35:42,2025-10-24 17:35:42
JSSKMAOZABQIR,28,44.25,2025-09-13 17:35:42,2025-09-15 17:35:42,
JSSKMAOZABAAM,28,89.22,2025-08-11 17:35:42,2025-10-01 17:35:42,
JSSKMAOZABVQT,28,5.80,2025-09-07 17:35:42,2025-09-16 17:35:42,
JSSKMAOZAA7KB,28,30.29,2025-08-14 17:35:42,2025-11-04 17:35:42,
JSSKMAOZABEP4,28,7.29,2025-08-29 17:35:42,2025-11-12 17:35:42,2025-09-25 17:35:42
JSSKMAOZABMET,28,65.37,2025-08-01 17:35:42,2025-10-05 17:35:42,
JSSKMAOZABWTD,28,22.96,2025-09-08 17:35:42,2025-10-02 17:35:42,
JSSKMAOZAABEW,28,99.03,2025-09-12 17:35:42,2025-09-18 17:35:42,
JSSKMAOZAB5RJ,28,94.90,2025-08-25 17:35:42,2025-09-26 17:35:42,2025-09-29 17:35:42
JSSKMAOZAAOSN,28,62.25,2025-08-19 17:35:42,2025-10-05 17:35:42,
JSSKMAOZAAYP4,28,51.59,2025-08-10 17:35:42,2025-10-31 17:35:42,
JSSKMAOZABPBR,28,59.20,2025-09-11 17:35:42,2025-09-18 17:35:42,2025-11-19 17:35:42
JSSKMAOZABNFX,28,26.13,2025-09-07 17:35:42,2025-10-18 17:35:42,
JSSKMAOZQB6CY,28,36.08,2025-09-13 17:35:42,2025-09-28 17:35:42,
JSSKMAOZQAPDY,29,2.71,2025-09-11 17:35:42,2025-10-26 17:35:42,
JSSKMAOZQADZ5,29,31.04,2025-07-17 17:35:42,2025-09-21 17:35:42,
JSSKMAOZQAKR4,29,87.20,2025-08-16 17:35:42,2025-12-02 17:35:42,
JSSKMAOZQAQEA,29,37.99,2025-08-10 17:35:42,2025-09-24 17:35:42,
JSSKMAOZQAQVO,29,75.39,2025-09-13 17:35:42,2025-09-29 17:35:42,
JSSKMAOZQAXL5,29,9.86,2025-08-31 17:35:42,2025-09-28 17:35:42,2025-09-16 17:35:42
JSSKMAOZQBQQN,29,39.90,2025-08-26 17:35:42,2025-09-25 17:35:42,2025-10-07 17:35:42
JSSKMAOZQBOUN,29,31.51,2025-08-18 17:35:42,2025-11-22 17:35:42,
JSSKMAOZQANLL,29,36.29,2025-06-27 17:35:42,2025-09-29 17:35:42,
JSSKMAOZQAGJR,29,33.16,2025-06-23 17:35:42,2025-11-30 17:35:42,
JSSKMAOZQBWOL,29,93.42,2025-09-13 17:35:42,2025-09-20 17:35:42,2025-11-17 17:35:42
JSSKMAOZQAW5L,29,88.00,2025-09-07 17:35:42,2025-10-05 17:35:42,
JSSKMAOZQBBWJ,29,83.68,2025-08-12 17:35:42,2025-10-17 17:35:42,
JSSKMAOZQAXZL,29,24.23,2025-09-08 17:35:42,2025-10-26 17:35:42,
JSSKMAOZQB76X,29,10.11,2025-07-14 17:35:42,2025-09-16 17:35:42,
JSSKMAOZQAQEQ,30,98.63,2025-09-11 17:35:42,2025-09-20 17:35:42,
JSSKMAOZQA755,30,29.57,2025-08-25 17:35:42,2025-09-15 17:35:42,
JSSKMAOZQBH5Z,30,26.32,2025-08-29 17:35:42,2025-09-16 17:35:42,
JSSKMAOZQBHRU,30,6.90,2025-09-13 17:35:42,2025-09-23 17:35:42,
JSSKMAOZQAYEY,30,69.93,2025-09-11 17:35:42,2025-11-01 17:35:42,
JSSKMAOZQBDMY,30,86.25,2025-09-06 17:35:42,2025-11-17 17:35:42,
JSSKMAOZQADKK,30,8.40,2025-08-31 17:35:42,2025-10-11 17:35:42,
JSSKMAOZQANAO,30,54.65,2025-08-28 17:35:42,2025-09-17 17:35:42,
JSSKMAOZQAX3K,30,26.86,2025-07-13 17:35:42,2025-10-06 17:35:42,
JSSKMAOZQAYZU,30,5.31,2025-07-21 17:35:42,2025-11-08 17:35:42,
JSSKMAOZQA5V3,30,77.32,2025-06-30 17:35:42,2025-11-07 17:35:42,2025-10-07 17:35:42
JSSKMAOZQBLRL,30,43.28,2025-07-26 17:35:42,2025-11-16 17:35:42,
JSSKMAOZQBZB6,30,91.10,2025-07-15 17:35:42,2025-09-17 17:35:42,
JSSKMAOZQBK3E,30,43.45,2025-09-13 17:35:42,2025-09-17 17:35:42,
JSSKMAOZQBBQ7,30,3.42,2025-09-09 17:35:42,2025-10-03 17:35:42,
JSSKMAOZQASPZ,31,64.38,2025-06-21 17:35:42,2025-10-28 17:35:42,
JSSKMAOZQAJYH,31,35.18,2025-08-08 17:35:42,2025-10-17 17:35:42,
JSSKMAOZQAYIZ,31,57.68,2025-09-02 17:35:42,2025-10-11 17:35:42,
JSSKMAOZQBEXR,31,97.46,2025-09-13 17:35:42,2025-09-25 17:35:42,2025-09-20 17:35:42
JSSKMAOZQBV7Z,31,93.73,2025-09-07 17:35:42,2025-09-28 17:35:42,
JSSKMAOZQAULR,31,99.09,2025-08-30 17:35:42,2025-11-11 17:35:42,
JSSKMAOZQB6SF,31,7.02,2025-08-25 17:35:42,2025-10-11 17:35:42,
JSSKMAOZQB4XP,31,51.38,2025-06-30 17:35:42,2025-10-08 17:35:42,
JSSKMAOZQBPEG,31,45.84,2025-06-28 17:35:42,2025-09-15 17:35:42,
JSSKMAOZQAW3Z,31,11.06,2025-09-11 17:35:42,2025-09-17 17:35:42,
JSSKMAOZQA7O2,31,41.74,2025-09-09 17:35:42,2025-10-02 17:35:42,
JSSKMAOZQAY72,31,91.73,2025-08-19 17:35:42,2025-09-16 17:35:42,
JSSKMAOZQBLOJ,31,76.24,2025-09-08 17:35:42,2025-10-11 17:35:42,
JSSKMAOZQAP2H,31,7.60,2025-09-12 17:35:42,2025-12-02 17:35:42,2025-09-16 17:35:42
JSSKMAOZQBGMV,31,67.17,2025-09-06 17:35:42,2025-11-05 17:35:42,2025-09-16 17:35:42
JSSKMAOZQBAXB,32,56.65,2025-09-09 17:35:42,2025-09-26 17:35:42,
JSSKMAOZQAZFT,32,82.01,2025-08-12 17:35:42,2025-09-22 17:35:42,2025-09-20 17:35:42
JSSKMAOZQBTEE,32,67.59,2025-08-10 17:35:42,2025-10-27 17:35:42,2025-10-14 17:35:42
JSSKMAOZQBE67,32,68.86,2025-07-04 17:35:42,2025-10-01 17:35:42,
JSSKMAOZQBM46,32,50.36,2025-08-14 17:35:42,2025-11-17 17:35:42,2025-11-18 17:35:42
JSSKMAOZQBOF4,32,6.24,2025-08-12 17:35:42,2025-09-18 17:35:42,
JSSKMAOZQB2TQ,32,16.50,2025-07-04 17:35:42,2025-11-10 17:35:42,2025-10-12 17:35:42
JSSKMAOZQBILC,32,94.80,2025-08-19 17:35:42,2025-09-28 17:35:42,
JSSKMAOZQBISY,32,80.30,2025-09-04 17:35:42,2025-09-28 17:35:42,
JSSKMAOZQAI5H,32,45.22,2025-07-06 17:35:42,2025-09-21 17:35:42,
JSSKMAOZQAJX2,32,77.79,2025-08-09 17:35:42,2025-09-28 17:35:42,
JSSKMAOZQBOFI,32,7.18,2025-09-03 17:35:42,2025-10-13 17:35:42,
JSSKMAOZQA4WO,32,20.26,2025-08-08 17:35:42,2025-09-25 17:35:42,
JSSKMAOZQBBA7,32,39.38,2025-06-28 17:35:42,2025-11-22 17:35:42,
JSSKMAOZQB6XT,32,78.60,2025-08-14 17:35:42,2025-09-22 17:35:42,2025-11-08 17:35:42
JSSKMAOZQB4Y3,33,14.83,2025-09-12 17:35:42,2025-10-15 17:35:42,
JSSKMAOZQAYVZ,33,35.33,2025-09-02 17:35:42,2025-10-07 17:35:42,
JSSKMAOZQATN2,33,64.25,2025-07-25 17:35:42,2025-09-24 17:35:42,
JSSKMAOZQATS6,33,23.96,2025-06-11 17:35:42,2025-11-14 17:35:42,
JSSKMAOZQAKZM,33,34.43,2025-09-05 17:35:42,2025-10-07 17:35:42,
JSSKMAOZQAC66,33,99.64,2025-09-05 17:35:42,2025-10-16 17:35:42,
JSSKMAOZQBYUS,33,99.76,2025-08-10 17:35:42,2025-11-05 17:35:42,
JSSKMAOZQB2SM,33,89.13,2025-09-13 17:35:42,2025-09-24 17:35:42,
JSSKMAOZQBZGI,33,8.10,2025-09-02 17:35:42,2025-09-16 17:35:42,
JSSKMAOZQAEQR,33,42.94,2025-09-03 17:35:42,2025-10-08 17:35:42,
JSSKMAOZQAHAN,33,82.27,2025-07-22 17:35:42,2025-09-18 17:35:42,
JSSKMAOZQAQ6Y,33,13.65,2025-09-08 17:35:42,2025-10-30 17:35:42,
JSSKMAOZQA7YI,33,46.80,2025-08-24 17:35:42,2025-09-15 17:35:42,
JSSKMAOZQAN4Y,33,87.92,2025-07-12 17:35:42,2025-09-24 17:35:42,
JSSKMAOZQB3BZ,33,74.43,2025-09-05 17:35:42,2025-09-22 17:35:42,
JSSKMAO2AA564,34,34.41,2025-09-09 17:35:42,2025-09-22 17:35:42,
JSSKMAO2ABC4O,34,99.12,2025-08-30 17:35:42,2025-10-17 17:35:42,
JSSKMAO2AAXLP,34,48.10,2025-09-04 17:35:42,2025-09-16 17:35:42,2025-10-25 17:35:42
JSSKMAO2AACYH,34,63.13,2025-09-13 17:35:42,2025-09-19 17:35:42,
JSSKMAO2ABXZ4,34,70.73,2025-09-10 17:35:42,2025-09-22 17:35:42,
JSSKMAO2AANJI,34,23.39,2025-09-04 17:35:42,2025-09-16 17:35:42,
JSSKMAO2AAWCF,34,55.71,2025-08-08 17:35:42,2025-10-09 17:35:42,
JSSKMAO2AAYV7,34,7.21,2025-09-04 17:35:42,2025-10-22 17:35:42,
JSSKMAO2ABJAY,34,5.31,2025-08-16 17:35:42,2025-09-20 17:35:42,
JSSKMAO2ABH5T,34,30.17,2025-06-27 17:35:42,2025-09-16 17:35:42,
JSSKMAO2AB23K,34,88.91,2025-06-13 17:35:42,2025-09-19 17:35:42,2025-09-22 17:35:42
JSSKMAO2AAEBJ,34,40.95,2025-09-06 17:35:42,2025-09-15 17:35:42,
JSSKMAO2AB32X,34,97.74,2025-08-20 17:35:42,2025-10-01 17:35:42,
JSSKMAO2AAW55,34,96.66,2025-08-26 17:35:42,2025-11-29 17:35:42,
JSSKMAO2ABKWU,34,68.60,2025-06-30 17:35:42,2025-09-16 17:35:42,2025-10-20 17:35:42
JSSKMAO2ABKC2,35,60.02,2025-09-12 17:35:42,2025-11-08 17:35:42,2025-10-14 17:35:42
JSSKMAO2ABUFM,35,95.42,2025-08-28 17:35:42,2025-10-03 17:35:42,
JSSKMAO2AADJK,35,59.03,2025-09-11 17:35:42,2025-09-22 17:35:42,
JSSKMAO2AA3IR,35,4.74,2025-07-31 17:35:42,2025-11-06 17:35:42,2025-09-23 17:35:42
JSSKMAO2AAQ6O,35,81.60,2025-09-07 17:35:42,2025-10-11 17:35:42,
JSSKMAO2AAFSM,35,88.67,2025-08-17 17:35:42,2025-10-30 17:35:42,
JSSKMAO2AB4BW,35,88.03,2025-08-19 17:35:42,2025-09-16 17:35:42,
JSSKMAO2AAS23,35,47.15,2025-09-10 17:35:42,2025-11-07 17:35:42,2025-09-24 17:35:42
JSSKMAO2AA4DD,35,37.03,2025-09-11 17:35:42,2025-10-25 17:35:42,
JSSKMAO2AAL4A,35,33.88,2025-06-26 17:35:42,2025-09-16 17:35:42,
JSSKMAO2AAK77,35,15.25,2025-08-28 17:35:42,2025-09-17 17:35:42,
JSSKMAO2AA7TB,35,76.49,2025-09-12 17:35:42,2025-09-29 17:35:42,2025-09-18 17:35:42
JSSKMAO2AA5HH,35,79.45,2025-09-12 17:35:42,2025-10-19 17:35:42,2025-09-30 17:35:42
JSSKMAO2ABX67,35,20.60,2025-08-21 17:35:42,2025-10-30 17:35:42,
JSSKMAO2AANFM,35,28.24,2025-08-08 17:35:42,2025-10-09 17:35:42,
JSSKMAO2ABS36,36,20.84,2025-09-05 17:35:42,2025-10-13 17:35:42,
JSSKMAO2AAZWZ,36,27.42,2025-08-29 17:35:42,2025-11-12 17:35:42,2025-10-23 17:35:42
JSSKMAO2ABWL4,36,99.22,2025-07-25 17:35:42,2025-09-18 17:35:42,
JSSKMAO2AAEH4,36,96.55,2025-09-05 17:35:42,2025-10-04 17:35:42,
JSSKMAO2AAR2S,36,6.96,2025-09-07 17:35:42,2025-11-21 17:35:42,
JSSKMAO2ABHJD,36,29.31,2025-08-30 17:35:42,2025-09-21 17:35:42,
JSSKMAO2ABO7G,36,71.47,2025-08-21 17:35:42,2025-10-05 17:35:42,
JSSKMAO2AAMW2,36,86.44,2025-09-11 17:35:42,2025-10-10 17:35:42,
JSSKMAO2ABFCJ,36,21.74,2025-09-09 17:35:42,2025-09-17 17:35:42,
JSSKMAO2ABFWS,36,68.84,2025-08-29 17:35:42,2025-12-10 17:35:42,
JSSKMAO2ABZTW,36,69.16,2025-09-06 17:35:42,2025-09-15 17:35:42,2025-09-21 17:35:42
JSSKMAO2ABTKO,36,90.09,2025-08-28 17:35:42,2025-09-19 17:35:42,
JSSKMAO2ABY6F,36,24.57,2025-09-01 17:35:42,2025-11-08 17:35:42,
JSSKMAO2AAPTN,36,39.26,2025-08-30 17:35:42,2025-10-22 17:35:42,2025-09-29 17:35:42
JSSKMAO2ABZZE,36,54.66,2025-08-06 17:35:42,2025-10-06 17:35:42,
JSSKMAO2AA57S,37,12.66,2025-08-28 17:35:42,2025-10-08 17:35:42,
JSSKMAO2ABSXE,37,5.69,2025-09-09 17:35:42,2025-10-30 17:35:42,2025-10-04 17:35:42
JSSKMAO2ABU6K,37,54.84,2025-07-25 17:35:42,2025-09-15 17:35:42,
JSSKMAO2AAGEU,37,21.88,2025-07-17 17:35:42,2025-10-20 17:35:42,
JSSKMAO2ABQNQ,37,19.27,2025-08-23 17:35:42,2025-09-15 17:35:42,
JSSKMAO2ABXXB,37,89.54,2025-08-07 17:35:42,2025-09-21 17:35:42,
JSSKMAO2AAUJP,37,3.76,2025-09-07 17:35:42,2025-09-24 17:35:42,
JSSKMAO2ABOOB,37,80.57,2025-08-19 17:35:42,2025-11-20 17:35:42,2025-10-08 17:35:42
JSSKMAO2AAY63,37,31.79,2025-09-09 17:35:42,2025-10-15 17:35:42,
JSSKMAO2AB3Y6,37,69.94,2025-09-08 17:35:42,2025-09-30 17:35:42,
JSSKMAO2ABRB2,37,98.29,2025-09-06 17:35:42,2025-09-24 17:35:42,
JSSKMAO2AB7EN,37,43.45,2025-08-31 17:35:42,2025-10-14 17:35:42,2025-11-11 17:35:42
JSSKMAO2AAAYW,37,11.22,2025-09-03 17:35:42,2025-10-03 17:35:42,
JSSKMAO2AASV3,37,21.09,2025-09-08 17:35:42,2025-11-26 17:35:42,
JSSKMAO2ABLEY,37,77.86,2025-07-30 17:35:42,2025-09-20 17:35:42,
JSSKMAO2ABPR5,38,45.50,2025-09-01 17:35:42,2025-09-22 17:35:42,
JSSKMAO2AAZNP,38,43.73,2025-09-12 17:35:42,2025-10-09 17:35:42,
JSSKMAO2ABXTL,38,13.59,2025-07-24 17:35:42,2025-10-11 17:35:42,
JSSKMAO2ABON3,38,75.12,2025-08-01 17:35:42,2025-09-15 17:35:42,2025-11-11 17:35:42
JSSKMAO2ABZ5X,38,37.74,2025-09-13 17:35:42,2025-09-15 17:35:42,
JSSKMAO2AB2H5,38,36.47,2025-09-11 17:35:42,2025-09-24 17:35:42,2025-09-26 17:35:42
JSSKMAO2ABWST,38,0.25,2025-08-02 17:35:42,2025-09-18 17:35:42,
JSSKMAO2AAM7S,38,89.47,2025-09-13 17:35:42,2025-09-23 17:35:42,
JSSKMAO2ABDHI,38,33.60,2025-07-08 17:35:42,2025-10-16 17:35:42,
JSSKMAO2ABHEU,38,37.70,2025-09-11 17:35:42,2025-09-25 17:35:42,
JSSKMAO2ABUNL,38,51.45,2025-09-05 17:35:42,2025-11-15 17:35:42,
JSSKMAO2AA6QD,38,84.24,2025-09-11 17:35:42,2025-09-18 17:35:42,
JSSKMAO2AAZFZ,38,14.13,2025-09-04 17:35:42,2025-10-10 17:35:42,
JSSKMAO2ABDNJ,38,28.50,2025-07-29 17:35:42,2025-10-28 17:35:42,
JSSKMAO2ABXEM,38,33.42,2025-09-07 17:35:42,2025-11-23 17:35:42,
JSSKMAO2ABY6F,39,72.24,2025-09-03 17:35:42,2025-10-17 17:35:42,
JSSKMAO2ABDB7,39,78.80,2025-09-10 17:35:42,2025-09-17 17:35:42,
JSSKMAO2ABJDE,39,64.54,2025-08-31 17:35:42,2025-09-17 17:35:42,
JSSKMAO2AALGE,39,0.14,2025-08-04 17:35:42,2025-11-11 17:35:42,2025-09-30 17:35:42
JSSKMAO2ABTVT,39,66.45,2025-09-09 17:35:42,2025-09-26 17:35:42,
JSSKMAO2ABPI4,39,24.07,2025-09-12 17:35:42,2025-10-25 17:35:42,2025-09-29 17:35:42
JSSKMAO2AABHU,39,16.83,2025-07-30 17:35:42,2025-11-05 17:35:42,
JSSKMAO2AATSP,39,64.79,2025-08-07 17:35:42,2025-09-21 17:35:42,
JSSKMAO2AA67U,39,52.42,2025-07-31 17:35:42,2025-09-28 17:35:42,
JSSKMAO2AAGBE,39,68.68,2025-08-27 17:35:42,2025-09-27 17:35:42,
JSSKMAO2AB3KX,39,46.95,2025-09-10 17:35:42,2025-10-29 17:35:42,2025-10-09 17:35:42
JSSKMAO2AAZ5P,39,72.26,2025-08-21 17:35:42,2025-09-27 17:35:42,
JSSKMAO2AB7XG,39,62.57,2025-09-11 17:35:42,2025-10-28 17:35:42,
JSSKMAO2AAP7W,39,65.78,2025-08-18 17:35:42,2025-10-11 17:35:42,
JSSKMAO2AATEB,39,86.66,2025-07-18 17:35:42,2025-09-19 17:35:42,
JSSKMAO2ABPBD,40,63.53,2025-08-30 17:35:42,2025-09-23 17:35:42,
JSSKMAO2ABTIC,40,5.21,2025-06-28 17:35:42,2025-09-23 17:35:42,
JSSKMAO2AAHHV,40,1.19,2025-09-10 17:35:42,2025-10-18 17:35:42,
JSSKMAO2AATGJ,40,31.09,2025-09-01 17:35:42,2025-11-05 17:35:42,
JSSKMAO2ABO4G,40,90.43,2025-07-06 17:35:42,2025-10-13 17:35:42,2025-10-24 17:35:42
JSSKMAO2AAC6K,40,59.53,2025-08-26 17:35:42,2025-11-06 17:35:42,
JSSKMAO2ABP45,40,47.24,2025-09-06 17:35:42,2025-09-15 17:35:42,
JSSKMAO2AAH2U,40,93.56,2025-09-11 17:35:42,2025-09-18 17:35:42,2025-09-22 17:35:42
JSSKMAO2AB5DH,40,57.15,2025-09-13 17:35:42,2025-09-17 17:35:42,2025-09-30 17:35:42
JSSKMAO2ABFB2,40,15.79,2025-08-01 17:35:42,2025-11-17 17:35:42,
JSSKMAO2ABB4Y,40,88.02,2025-09-13 17:35:42,2025-09-16 17:35:42,
JSSKMAO2AAK5M,40,96.32,2025-08-23 17:35:42,2025-11-17 17:35:42,2025-10-20 17:35:42
JSSKMAO2ABOC7,40,26.10,2025-09-12 17:35:42,2025-12-01 17:35:42,2025-11-16 17:35:42
JSSKMAO2AAMCD,40,73.01,2025-08-29 17:35:42,2025-09-20 17:35:42,
JSSKMAO2ABIFL,40,7.54,2025-08-30 17:35:42,2025-10-27 17:35:42,
JSSKMAO2ABGXK,41,68.06,2025-08-06 17:35:42,2025-09-27 17:35:42,
JSSKMAO2AAHFL,41,27.83,2025-09-06 17:35:42,2025-10-05 17:35:42,
JSSKMAO2ABAIR,41,53.39,2025-09-12 17:35:42,2025-09-23 17:35:42,2025-09-24 17:35:42
JSSKMAO2ABBVD,41,1.34,2025-07-28 17:35:42,2025-10-22 17:35:42,
JSSKMAO2AB5ZO,41,54.17,2025-07-11 17:35:42,2025-10-16 17:35:42,2025-09-28 17:35:42
JSSKMAO2ABV32,41,94.40,2025-07-19 17:35:42,2025-09-19 17:35:42,2025-11-07 17:35:42
JSSKMAO2AARKI,41,22.20,2025-06-22 17:35:42,2025-09-20 17:35:42,
JSSKMAO2ABJW5,41,82.94,2025-07-20 17:35:42,2025-09-24 17:35:42,
JSSKMAO2AAKWW,41,4.56,2025-09-07 17:35:42,2025-09-17 17:35:42,
JSSKMAO2AB5R4,41,17.36,2025-08-21 17:35:42,2025-11-28 17:35:42,
JSSKMAO2AA26W,41,52.77,2025-08-13 17:35:42,2025-09-20 17:35:42,
JSSKMAO2AAHAV,41,42.29,2025-08-17 17:35:42,2025-10-16 17:35:42,
JSSKMAO2AAAQ7,41,65.05,2025-08-19 17:35:42,2025-09-25 17:35:42,
JSSKMAO2AAJH4,41,27.05,2025-08-22 17:35:42,2025-09-17 17:35:42,
JSSKMAO2AAYUD,41,0.05,2025-08-02 17:35:42,2025-09-19 17:35:42,2025-09-19 17:35:42
JSSKMAO2ABYQ4,42,27.07,2025-09-07 17:35:42,2025-10-18 17:35:42,
JSSKMAO2ABLLO,42,59.42,2025-08-26 17:35:42,2025-10-16 17:35:42,
JSSKMAO2AARTZ,42,40.42,2025-09-05 17:35:42,2025-10-13 17:35:42,
JSSKMAO2AAFAZ,42,57.18,2025-09-01 17:35:42,2025-09-23 17:35:42,
JSSKMAO2AAXGS,42,41.11,2025-07-16 17:35:42,2025-09-23 17:35:42,
JSSKMAO2ABFY7,42,88.65,2025-09-13 17:35:42,2025-10-12 17:35:42,
JSSKMAO2AB62N,42,62.30,2025-08-18 17:35:42,2025-10-26 17:35:42,
JSSKMAO2AB7SZ,42,74.89,2025-09-07 17:35:42,2025-09-18 17:35:42,
JSSKMAO2AAI57,42,85.92,2025-08-04 17:35:42,2025-12-10 17:35:42,2025-09-23 17:35:42
JSSKMAO2ABVDB,42,61.00,2025-08-20 17:35:42,2025-09-20 17:35:42,
JSSKMAO2ABO6T,42,16.79,2025-09-09 17:35:42,2025-11-01 17:35:42,
JSSKMAO2AB2DJ,42,72.25,2025-08-27 17:35:42,2025-10-22 17:35:42,2025-10-01 17:35:42
JSSKMAO2ABC66,42,56.41,2025-09-02 17:35:42,2025-09-17 17:35:42,
JSSKMAO2ABW6G,42,36.34,2025-08-29 17:35:42,2025-09-23 17:35:42,2025-09-20 17:35:42
JSSKMAO2ABWL4,42,74.19,2025-07-26 17:35:42,2025-09-22 17:35:42,2025-12-05 17:35:42
JSSKMAO2AAYYZ,43,23.66,2025-09-10 17:35:42,2025-09-29 17:35:42,
JSSKMAO2AAADV,43,76.00,2025-09-10 17:35:42,2025-09-20 17:35:42,
JSSKMAO2AAOUQ,43,58.33,2025-08-15 17:35:42,2025-11-13 17:35:42,
JSSKMAO2AAVE4,43,86.82,2025-07-08 17:35:42,2025-09-18 17:35:42,
JSSKMAO2AAJE4,43,34.61,2025-08-13 17:35:42,2025-11-02 17:35:42,
JSSKMAO2ABWPG,43,8.39,2025-09-10 17:35:42,2025-10-23 17:35:42,
JSSKMAO2ABEIG,43,21.07,2025-08-08 17:35:42,2025-09-20 17:35:42,
JSSKMAO2AA7A7,43,6.87,2025-09-08 17:35:42,2025-09-22 17:35:42,
JSSKMAO2ABSJC,43,88.70,2025-09-01 17:35:42,2025-10-23 17:35:42,
JSSKMAO2AAVU6,43,94.31,2025-09-06 17:35:42,2025-10-03 17:35:42,
JSSKMAO2AAB27,43,96.17,2025-08-06 17:35:42,2025-11-23 17:35:42,
JSSKMAO2AAM6Z,43,50.00,2025-07-28 17:35:42,2025-09-19 17:35:42,
JSSKMAO2ABJKY,43,79.12,2025-07-29 17:35:42,2025-10-14 17:35:42,
JSSKMAO2AAEDP,43,14.98,2025-09-13 17:35:42,2025-11-01 17:35:42,
JSSKMAO2ABIBU,43,29.77,2025-08-31 17:35:42,2025-09-24 17:35:42,
JSSKMAO2ABGSN,44,74.85,2025-08-24 17:35:42,2025-09-24 17:35:42,
JSSKMAO2AA6KR,44,58.46,2025-09-13 17:35:42,2025-11-18 17:35:42,
JSSKMAO2AAGEE,44,28.64,2025-08-07 17:35:42,2025-10-20 17:35:42,2025-11-07 17:35:42
JSSKMAO2ABXGF,44,72.08,2025-09-06 17:35:42,2025-09-29 17:35:42,
JSSKMAO2ABTE3,44,38.63,2025-09-13 17:35:42,2025-09-15 17:35:42,2025-09-24 17:35:42
JSSKMAO2ABDZE,44,47.23,2025-08-24 17:35:42,2025-10-08 17:35:42,
JSSKMAO2AAKES,44,77.02,2025-09-10 17:35:42,2025-10-23 17:35:42,2025-09-26 17:35:42
JSSKMAO2ABUS7,44,6.04,2025-09-13 17:35:42,2025-09-30 17:35:42,
JSSKMAO2ABNTC,44,73.38,2025-09-02 17:35:42,2025-10-31 17:35:42,2025-10-20 17:35:42
JSSKMAO2AAGXR,44,98.58,2025-08-23 17:35:42,2025-11-02 17:35:42,
JSSKMAO2ABLRZ,44,41.35,2025-08-31 17:35:42,2025-09-15 17:35:42,
JSSKMAO2AAOD4,44,34.31,2025-09-01 17:35:42,2025-10-21 17:35:42,2025-10-18 17:35:42
JSSKMAO2AB2TI,44,20.29,2025-08-10 17:35:42,2025-09-20 17:35:42,
JSSKMAO2AAZUV,44,98.77,2025-09-11 17:35:42,2025-10-04 17:35:42,
JSSKMAO2ABHLH,44,96.75,2025-09-11 17:35:42,2025-10-18 17:35:42,
JSSKMAO2AAX33,45,72.90,2025-08-25 17:35:42,2025-09-24 17:35:42,
JSSKMAO2AARRM,45,75.68,2025-09-05 17:35:42,2025-09-16 17:35:42,
JSSKMAO2ABWOJ,45,23.16,2025-09-05 17:35:42,2025-10-15 17:35:42,
JSSKMAO2QAM3V,45,33.95,2025-09-10 17:35:42,2025-09-21 17:35:42,
JSSKMAO2QAMIU,45,36.53,2025-09-11 17:35:42,2025-10-01 17:35:42,
JSSKMAO2QAWYC,45,54.59,2025-09-01 17:35:42,2025-10-09 17:35:42,
JSSKMAO2QBXYZ,45,35.29,2025-08-31 17:35:42,2025-10-29 17:35:42,
JSSKMAO2QBMNY,45,32.52,2025-09-11 17:35:42,2025-10-22 17:35:42,
JSSKMAO2QALKK,45,57.82,2025-09-11 17:35:42,2025-10-11 17:35:42,
JSSKMAO2QBKIB,45,31.15,2025-09-04 17:35:42,2025-10-20 17:35:42,2025-10-09 17:35:42
JSSKMAO2QA4RU,45,24.70,2025-09-13 17:35:42,2025-11-03 17:35:42,
JSSKMAO2QBXAW,45,61.44,2025-09-11 17:35:42,2025-09-17 17:35:42,
JSSKMAO2QA4N2,45,52.11,2025-09-07 17:35:42,2025-10-23 17:35:42,2025-09-15 17:35:42
JSSKMAO2QBUYU,45,17.67,2025-08-21 17:35:42,2025-10-07 17:35:42,2025-09-27 17:35:42
JSSKMAO2QAXSH,45,39.71,2025-09-11 17:35:42,2025-09-16 17:35:42,
JSSKMAO2QAFSX,46,38.80,2025-09-08 17:35:42,2025-10-03 17:35:42,
JSSKMAO2QAF2I,46,17.76,2025-09-03 17:35:42,2025-10-13 17:35:42,2025-10-16 17:35:42
JSSKMAO2QBZIT,46,41.68,2025-08-13 17:35:42,2025-10-06 17:35:42,
JSSKMAO2QBDOO,46,6.92,2025-07-29 17:35:42,2025-09-17 17:35:42,
JSSKMAO2QB7WL,46,0.44,2025-07-17 17:35:42,2025-10-15 17:35:42,
JSSKMAO2QBWK7,46,10.06,2025-09-04 17:35:42,2025-09-25 17:35:42,
JSSKMAO2QAJX2,46,75.70,2025-09-10 17:35:42,2025-09-16 17:35:42,
JSSKMAO2QAMIT,46,68.12,2025-07-15 17:35:42,2025-09-15 17:35:42,
JSSKMAO2QBNH2,46,97.89,2025-09-05 17:35:42,2025-10-07 17:35:42,2025-09-16 17:35:42
JSSKMAO2QBCD2,46,94.78,2025-08-19 17:35:42,2025-09-25 17:35:42,
JSSKMAO2QB4IP,46,62.26,2025-09-08 17:35:42,2025-10-29 17:35:42,
JSSKMAO2QA7C5,46,90.00,2025-08-03 17:35:42,2025-12-06 17:35:42,
JSSKMAO2QALFN,46,7.35,2025-08-16 17:35:42,2025-10-14 17:35:42,
JSSKMAO2QAT4N,46,64.94,2025-09-06 17:35:42,2025-11-17 17:35:42,
JSSKMAO2QAT2K,46,63.77,2025-08-17 17:35:42,2025-09-20 17:35:42,
JSSKMAO2QBPUV,47,33.49,2025-09-10 17:35:42,2025-09-20 17:35:42,
JSSKMAO2QBV7U,47,85.39,2025-09-13 17:35:42,2025-09-18 17:35:42,
JSSKMAO2QAD5B,47,93.18,2025-07-07 17:35:42,2025-11-11 17:35:42,
JSSKMAO2QAL2F,47,64.08,2025-09-09 17:35:42,2025-09-22 17:35:42,
JSSKMAO2QA5OH,47,23.35,2025-09-06 17:35:42,2025-09-16 17:35:42,2025-11-06 17:35:42
JSSKMAO2QAO4B,47,19.22,2025-06-22 17:35:42,2025-10-05 17:35:42,
JSSKMAO2QAG3R,47,29.06,2025-07-27 17:35:42,2025-09-21 17:35:42,
JSSKMAO2QBHFD,47,36.57,2025-09-07 17:35:42,2025-09-17 17:35:42,
JSSKMAO2QAMJE,47,88.41,2025-09-06 17:35:42,2025-09-30 17:35:42,
JSSKMAO2QB7RH,47,50.51,2025-08-14 17:35:42,2025-10-09 17:35:42,
JSSKMAO2QBTKJ,47,83.54,2025-07-09 17:35:42,2025-11-30 17:35:42,
JSSKMAO2QAF45,47,57.32,2025-09-10 17:35:42,2025-10-03 17:35:42,2025-10-02 17:35:42
JSSKMAO2QAWYH,47,64.18,2025-08-26 17:35:42,2025-11-04 17:35:42,
JSSKMAO2QBOUB,47,43.20,2025-09-10 17:35:42,2025-09-17 17:35:42,
JSSKMAO2QAWDU,47,48.40,2025-08-10 17:35:42,2025-09-22 17:35:42,
JSSKMAO2QBFG2,48,41.19,2025-07-27 17:35:42,2025-09-18 17:35:42,
JSSKMAO2QBM2X,48,39.11,2025-08-18 17:35:42,2025-09-15 17:35:42,
JSSKMAO2QBEUJ,48,79.94,2025-08-23 17:35:42,2025-10-18 17:35:42,2025-11-09 17:35:42
JSSKMAO2QB65L,48,92.34,2025-08-11 17:35:42,2025-10-03 17:35:42,
JSSKMAO2QAAHY,48,49.23,2025-08-29 17:35:42,2025-09-19 17:35:42,
JSSKMAO2QBRH6,48,83.58,2025-08-26 17:35:42,2025-10-03 17:35:42,
JSSKMAO2QB33F,48,0.78,2025-09-09 17:35:42,2025-11-07 17:35:42,2025-11-06 17:35:42
JSSKMAO2QABLI,48,20.26,2025-07-21 17:35:42,2025-11-23 17:35:42,
JSSKMAO2QAUZY,48,52.01,2025-08-21 17:35:42,2025-10-01 17:35:42,2025-11-14 17:35:42
JSSKMAO2QACNQ,48,47.03,2025-09-09 17:35:42,2025-09-26 17:35:42,2025-10-04 17:35:42
JSSKMAO2QA4YI,48,61.64,2025-07-11 17:35:42,2025-09-18 17:35:42,
JSSKMAO2QAE4I,48,49.25,2025-08-09 17:35:42,2025-12-03 17:35:42,2025-09-16 17:35:42
JSSKMAO2QBKD5,48,3.72,2025-08-01 17:35:42,2025-09-23 17:35:42,
JSSKMAO2QBHOM,48,84.78,2025-09-05 17:35:42,2025-09-18 17:35:42,2025-12-10 17:35:42
JSSKMAO2QA553,48,88.40,2025-09-13 17:35:42,2025-11-14 17:35:42,
JSSKMAO2QAJ5X,49,17.11,2025-09-13 17:35:42,2025-10-05 17:35:42,
JSSKMAO2QALSU,49,92.69,2025-09-06 17:35:42,2025-09-16 17:35:42,
JSSKMAO2QB5PI,49,6.81,2025-09-01 17:35:42,2025-10-03 17:35:42,
JSSKMAO2QB57V,49,15.26,2025-08-10 17:35:42,2025-11-04 17:35:42,
JSSKMAO2QA7UT,49,81.72,2025-09-05 17:35:42,2025-09-29 17:35:42,2025-09-19 17:35:42
JSSKMAO2QBP5I,49,77.05,2025-07-24 17:35:42,2025-10-27 17:35:42,
JSSKMAO2QB57X,49,7.46,2025-07-15 17:35:42,2025-10-03 17:35:42,
JSSKMAO2QA7PP,49,62.27,2025-09-08 17:35:42,2025-09-23 17:35:42,
JSSKMAO2QAVUA,49,31.51,2025-08-27 17:35:42,2025-09-25 17:35:42,
JSSKMAO2QBGFC,49,36.66,2025-08-16 17:35:42,2025-10-14 17:35:42,2025-09-25 17:35:42
JSSKMAO2QBBDI,49,35.92,2025-07-14 17:35:42,2025-09-17 17:35:42,2025-09-26 17:35:42
JSSKMAO2QAOY6,49,79.22,2025-07-19 17:35:42,2025-09-15 17:35:42,
JSSKMAO2QB5IM,49,51.76,2025-08-23 17:35:42,2025-09-16 17:35:42,2025-10-13 17:35:42
JSSKMAO2QBWJY,49,76.49,2025-08-23 17:35:42,2025-10-18 17:35:42,
JSSKMAO2QB2O5,49,93.46,2025-08-21 17:35:42,2025-09-26 17:35:42,
JSSKMAO2QAIR7,50,5.30,2025-08-24 17:35:42,2025-10-02 17:35:42,
JSSKMAO2QARFR,50,42.59,2025-08-31 17:35:42,2025-09-15 17:35:42,
JSSKMAO2QBGT5,50,22.63,2025-08-23 17:35:42,2025-09-15 17:35:42,2025-09-15 17:35:42
JSSKMAO2QBVTX,50,15.90,2025-08-30 17:35:42,2025-09-20 17:35:42,
JSSKMAO2QBQLR,50,49.17,2025-08-27 17:35:42,2025-09-25 17:35:42,
JSSKMAO2QB5KX,50,31.27,2025-08-23 17:35:42,2025-10-03 17:35:42,2025-12-02 17:35:42
JSSKMAO2QBZSN,50,36.31,2025-09-07 17:35:42,2025-09-30 17:35:42,
JSSKMAO2QBMJH,50,89.70,2025-08-06 17:35:42,2025-09-25 17:35:42,
JSSKMAO2QB5PH,50,93.53,2025-08-05 17:35:42,2025-09-15 17:35:42,
JSSKMAO2QBFFU,50,88.78,2025-07-18 17:35:42,2025-12-03 17:35:42,
JSSKMAO2QBIBI,50,92.06,2025-09-05 17:35:42,2025-09-18 17:35:42,2025-10-12 17:35:42
JSSKMAO2QBSXU,50,22.16,2025-09-12 17:35:42,2025-09-22 17:35:42,
JSSKMAO2QA255,50,57.64,2025-09-07 17:35:42,2025-10-24 17:35:42,
JSSKMAO2QBSFM,50,14.75,2025-08-06 17:35:42,2025-09-23 17:35:42,
JSSKMAO2QACFI,50,40.46,2025-06-28 17:35:42,2025-10-19 17:35:42,
